{
    "intents": [
        {
            "tag": "greeting",
            "patterns": [
                "hi",
                "hello",
                "hey"
            ],
            "responses": [
                "Hello! How can I assist you today?",
                "Hi there! How can I help?"
            ]
        },
        {
            "tag": "admission",
            "patterns": [
                "admission enquiry",
                "how to apply",
                "admission process"
            ],
            "responses": [
                "For admission details, please visit our website or contact our admission office."
            ]
        },
        {
            "tag": "course_info",
            "patterns": [
                "course details",
                "available courses",
                "what courses do you offer?"
            ],
            "responses": [
                "We offer various courses in AI, ML, and Data Science. Which one are you interested in?"
            ]
        },
        {
            "tag": "goodbye",
            "patterns": [
                "bye",
                "goodbye",
                "see you"
            ],
            "responses": [
                "Goodbye! Have a great day.",
                "See you later!"
            ]
        }
    ]
}